#not used anymore - TS 48 V - 1xxx;;;;;;;;;;;;;;;;;;
#TS HV 30-80 E - 2xxx;TS HV 50 E Hybrid - 5xxx;;;;;;;;;;;;;;;;;
#TS-I HV 80/100 E - 3xxx;FORTON - 6xxx - TESVOLT TAYTAN - 7xxx;;;;;;;;;;;;;;;;;
,productId,productName,SystemVariation,capacity,usablecapacity,power,dischargingPower,inverter,numberOfInverters,Island,Backup,PeakLoadShaving,Multi-Use,outdoor,readMoreLink,productImage,name_productList,PortalProductCatalogId,price
0,2001,TS HV 30-80 E,TS HV 30 E,32.0,32.0,30.0,30.0,SMA STPS X 30,1,0,0,1,1,0,,,TS HV 30-80 E - 32 kWh 30 kW,772480018,26379
1,2002,TS HV 30-80 E,TS HV 50 E,56.0,56.0,30.0,30.0,SMA STPS X 30,1,0,0,1,1,0,,,TS HV 30-80 E - 56 kWh 30 kW,772480018,34940
2,2003,TS HV 30-80 E,TS HV 50 E,56.0,56.0,50.0,50.0,SMA STPS X 50,1,0,0,1,1,0,,,TS HV 30-80 E - 56 kWh 50 kW,772480018,37560
3,2004,TS HV 30-80 E,TS HV 30 E,64.0,64.0,30.0,30.0,SMA STPS X 30,1,0,0,1,1,0,,,TS HV 30-80 E - 64 kWh 30 kW,772480018,44254
4,2005,TS HV 30-80 E,TS HV 30 E,64.0,64.0,60.0,60.0,SMA STPS X 30,2,0,0,1,1,0,,,TS HV 30-80 E - 64 kWh 60 kW,772480018,51518
5,2006,TS HV 30-80 E,TS HV 80 E,80.0,80.0,30.0,30.0,SMA STPS X 30,1,0,0,1,1,0,,,TS HV 30-80 E - 80 kWh 30 kW,772480018,43374
6,2007,TS HV 30-80 E,TS HV 80 E,80.0,80.0,50.0,50.0,SMA STPS X 50,1,0,0,1,1,0,,,TS HV 30-80 E - 80 kWh 50 kW,772480018,45994
7,2008,TS HV 30-80 E,TS HV 50 E,112.0,112.0,30.0,30.0,SMA STPS X 30,1,0,0,1,1,0,,,TS HV 30-80 E - 112 kWh 30 kW,772480018,61376
8,2009,TS HV 30-80 E,TS HV 50 E,112.0,112.0,50.0,50.0,SMA STPS X 50,1,0,0,1,1,0,,,TS HV 30-80 E - 112 kWh 50 kW,772480018,63996
9,2010,TS HV 30-80 E,TS HV 50 E,112.0,112.0,60.0,60.0,SMA STPS X 30,2,0,0,1,1,0,,,TS HV 30-80 E - 112 kWh 60 kW,772480018,68640
10,2011,TS HV 30-80 E,TS HV 50 E,112.0,112.0,100.0,100.0,SMA STPS X 50,2,0,0,1,1,0,,,TS HV 30-80 E - 112 kWh 100 kW,772480018,73880
11,2012,TS HV 30-80 E,TS HV 80 E,160.0,160.0,30.0,30.0,SMA STPS X 30,1,0,0,1,1,0,,,TS HV 30-80 E - 160 kWh 30 kW,772480018,78244
12,2013,TS HV 30-80 E,TS HV 80 E,160.0,160.0,50.0,50.0,SMA STPS X 50,1,0,0,1,1,0,,,TS HV 30-80 E - 160 kWh 50 kW,772480018,80864
13,2014,TS HV 30-80 E,TS HV 80 E,160.0,160.0,100.0,100.0,SMA STPS X 50,2,0,0,1,1,0,,,TS HV 30-80 E - 160 kWh 100 kW,772480018,90748
14,2015,TS HV 30-80 E,TS HV 50 E,168.0,168.0,150.0,150.0,SMA STPS X 50,3,0,0,1,1,0,,,TS HV 30-80 E - 168 kWh 150 kW,772480018,110200
15,2016,TS HV 30-80 E,TS HV 50 E,224.0,224.0,100.0,100.0,SMA STPS X 50,2,0,0,1,1,0,,,TS HV 30-80 E - 224 kWh 100 kW,772480018,126752
16,2017,TS HV 30-80 E,TS HV 50 E,224.0,224.0,200.0,200.0,SMA STPS X 50,4,0,0,1,1,0,,,TS HV 30-80 E - 224 kWh 200 kW,772480018,146520
17,2018,TS HV 30-80 E,TS HV 80 E,240.0,240.0,30.0,30.0,SMA STPS X 30,1,0,0,1,1,0,,,TS HV 30-80 E - 240 kWh 30 kW,772480018,112004
18,2019,TS HV 30-80 E,TS HV 80 E,240.0,240.0,50.0,50.0,SMA STPS X 50,1,0,0,1,1,0,,,TS HV 30-80 E - 240 kWh 50 kW,772480018,114624
19,2020,TS HV 30-80 E,TS HV 80 E,240.0,240.0,90.0,90.0,SMA STPS X 30,3,0,0,1,1,0,,,TS HV 30-80 E - 240 kWh 90 kW,772480018,127642
20,2021,TS HV 30-80 E,TS HV 80 E,240.0,240.0,150.0,150.0,SMA STPS X 50,3,0,0,1,1,0,,,TS HV 30-80 E - 240 kWh 150 kW,772480018,135502
21,2022,TS HV 30-80 E,TS HV 50 E,280.0,280.0,150.0,150.0,SMA STPS X 30,5,0,0,1,1,0,,,TS HV 30-80 E - 280 kWh 150 kW,772480018,169740
22,2023,TS HV 30-80 E,TS HV 50 E,280.0,280.0,250.0,250.0,SMA STPS X 50,5,0,0,1,1,0,,,TS HV 30-80 E - 280 kWh 250 kW,772480018,182840
23,2024,TS HV 30-80 E,TS HV 80 E,320.0,320.0,30.0,30.0,SMA STPS X 30,1,0,0,1,1,0,,,TS HV 30-80 E - 320 kWh 30 kW,772480018,145764
24,2025,TS HV 30-80 E,TS HV 80 E,320.0,320.0,50.0,50.0,SMA STPS X 50,1,0,0,1,1,0,,,TS HV 30-80 E - 320 kWh 50 kW,772480018,148384
25,2026,TS HV 30-80 E,TS HV 80 E,320.0,320.0,60.0,60.0,SMA STPS X 30,2,0,0,1,1,0,,,TS HV 30-80 E - 320 kWh 60 kW,772480018,155248
26,2027,TS HV 30-80 E,TS HV 80 E,320.0,320.0,100.0,100.0,SMA STPS X 50,2,0,0,1,1,0,,,TS HV 30-80 E - 320 kWh 100 kW,772480018,160488
27,2028,TS HV 30-80 E,TS HV 80 E,320.0,320.0,120.0,120.0,SMA STPS X 30,4,0,0,1,1,0,,,TS HV 30-80 E - 320 kWh 120 kW,772480018,169776
28,2029,TS HV 30-80 E,TS HV 80 E,320.0,320.0,200.0,200.0,SMA STPS X 50,4,0,0,1,1,0,,,TS HV 30-80 E - 320 kWh 200 kW,772480018,180256
29,2030,TS HV 30-80 E,TS HV 50 E,336.0,336.0,300.0,300.0,SMA STPS X 50,6,0,0,1,1,0,,,TS HV 30-80 E - 336 kWh 300 kW,772480018,219195
30,2031,TS HV 30-80 E,TS HV 50 E,392.0,392.0,350.0,350.0,SMA STPS X 50,7,0,0,1,1,0,,,TS HV 30-80 E - 392 kWh 350 kW,772480018,255515
31,2032,TS HV 30-80 E,TS HV 80 E,400.0,400.0,150.0,150.0,SMA STPS X 30,5,0,0,1,1,0,,,TS HV 30-80 E - 400 kWh 150 kW,772480018,211910
32,2033,TS HV 30-80 E,TS HV 80 E,400.0,400.0,250.0,250.0,SMA STPS X 50,5,0,0,1,1,0,,,TS HV 30-80 E - 400 kWh 250 kW,772480018,225010
33,2034,TS HV 30-80 E,TS HV 50 E,448.0,448.0,200.0,200.0,SMA STPS X 50,4,0,0,1,1,0,,,TS HV 30-80 E - 448 kWh 200 kW,772480018,252264
34,2035,TS HV 30-80 E,TS HV 50 E,448.0,448.0,400.0,400.0,SMA STPS X 50,8,0,0,1,1,0,,,TS HV 30-80 E - 448 kWh 400 kW,772480018,291835
35,2036,TS HV 30-80 E,TS HV 80 E,480.0,480.0,60.0,60.0,SMA STPS X 30,2,0,0,1,1,0,,,TS HV 30-80 E - 480 kWh 60 kW,772480018,222768
36,2037,TS HV 30-80 E,TS HV 80 E,480.0,480.0,100.0,100.0,SMA STPS X 50,2,0,0,1,1,0,,,TS HV 30-80 E - 480 kWh 100 kW,772480018,228008
37,2038,TS HV 30-80 E,TS HV 80 E,480.0,480.0,150.0,150.0,SMA STPS X 50,3,0,0,1,1,0,,,TS HV 30-80 E - 480 kWh 150 kW,772480018,240112
38,2039,TS HV 30-80 E,TS HV 80 E,480.0,480.0,180.0,180.0,SMA STPS X 30,6,0,0,1,1,0,,,TS HV 30-80 E - 480 kWh 180 kW,772480018,254079
39,2040,TS HV 30-80 E,TS HV 80 E,480.0,480.0,300.0,300.0,SMA STPS X 50,6,0,0,1,1,0,,,TS HV 30-80 E - 480 kWh 300 kW,772480018,269799
40,2041,TS HV 30-80 E,TS HV 50 E,504.0,504.0,90.0,90.0,SMA STPS X 30,3,0,0,1,1,0,,,TS HV 30-80 E - 504 kWh 90 kW,772480018,257626
41,2042,TS HV 30-80 E,TS HV 50 E,504.0,504.0,150.0,150.0,SMA STPS X 50,3,0,0,1,1,0,,,TS HV 30-80 E - 504 kWh 150 kW,772480018,265486
42,2043,TS HV 30-80 E,TS HV 50 E,504.0,504.0,270.0,270.0,SMA STPS X 30,9,0,0,1,1,0,,,TS HV 30-80 E - 504 kWh 270 kW,772480018,304575
43,2044,TS HV 30-80 E,TS HV 50 E,504.0,504.0,450.0,450.0,SMA STPS X 50,9,0,0,1,1,0,,,TS HV 30-80 E - 504 kWh 450 kW,772480018,328155
44,2045,TS HV 30-80 E,TS HV 80 E,560.0,560.0,210.0,210.0,SMA STPS X 30,7,0,0,1,1,0,,,TS HV 30-80 E - 560 kWh 210 kW,772480018,296213
45,2046,TS HV 30-80 E,TS HV 80 E,560.0,560.0,350.0,350.0,SMA STPS X 50,7,0,0,1,1,0,,,TS HV 30-80 E - 560 kWh 350 kW,772480018,314553
46,2047,TS HV 30-80 E,TS HV 50 E,560.0,560.0,500.0,500.0,SMA STPS X 50,10,0,0,1,1,0,,,TS HV 30-80 E - 560 kWh 500 kW,772480018,364475
47,2048,TS HV 30-80 E,TS HV 50 E,616.0,616.0,550.0,550.0,SMA STPS X 50,11,0,0,1,1,0,,,TS HV 30-80 E - 616 kWh 550 kW,772480018,400795
48,2049,TS HV 30-80 E,TS HV 80 E,640.0,640.0,60.0,60.0,SMA STPS X 30,2,0,0,1,1,0,,,TS HV 30-80 E - 640 kWh 60 kW,772480018,290288
49,2050,TS HV 30-80 E,TS HV 80 E,640.0,640.0,100.0,100.0,SMA STPS X 50,2,0,0,1,1,0,,,TS HV 30-80 E - 640 kWh 100 kW,772480018,295528
50,2051,TS HV 30-80 E,TS HV 80 E,640.0,640.0,120.0,120.0,SMA STPS X 30,4,0,0,1,1,0,,,TS HV 30-80 E - 640 kWh 120 kW,772480018,309256
51,2052,TS HV 30-80 E,TS HV 80 E,640.0,640.0,200.0,200.0,SMA STPS X 50,4,0,0,1,1,0,,,TS HV 30-80 E - 640 kWh 200 kW,772480018,319736
52,2053,TS HV 30-80 E,TS HV 80 E,640.0,640.0,240.0,240.0,SMA STPS X 30,8,0,0,1,1,0,,,TS HV 30-80 E - 640 kWh 240 kW,772480018,338347
53,2054,TS HV 30-80 E,TS HV 80 E,640.0,640.0,400.0,400.0,SMA STPS X 50,8,0,0,1,1,0,,,TS HV 30-80 E - 640 kWh 400 kW,772480018,359307
54,2055,TS HV 30-80 E,TS HV 50 E,672.0,672.0,200.0,200.0,SMA STPS X 50,4,0,0,1,1,0,,,TS HV 30-80 E - 672 kWh 200 kW,772480018,353568
55,2056,TS HV 30-80 E,TS HV 50 E,672.0,672.0,300.0,300.0,SMA STPS X 50,6,0,0,1,1,0,,,TS HV 30-80 E - 672 kWh 300 kW,772480018,377811
56,2057,TS HV 30-80 E,TS HV 50 E,672.0,672.0,600.0,600.0,SMA STPS X 50,12,0,0,1,1,0,,,TS HV 30-80 E - 672 kWh 600 kW,772480018,437150
57,2058,TS HV 30-80 E,TS HV 80 E,720.0,720.0,90.0,90.0,SMA STPS X 30,3,0,0,1,1,0,,,TS HV 30-80 E - 720 kWh 90 kW,772480018,333532
58,2059,TS HV 30-80 E,TS HV 80 E,720.0,720.0,150.0,150.0,SMA STPS X 50,3,0,0,1,1,0,,,TS HV 30-80 E - 720 kWh 150 kW,772480018,341392
59,2060,TS HV 30-80 E,TS HV 80 E,720.0,720.0,270.0,270.0,SMA STPS X 30,9,0,0,1,1,0,,,TS HV 30-80 E - 720 kWh 270 kW,772480018,380481
60,2061,TS HV 30-80 E,TS HV 80 E,720.0,720.0,450.0,450.0,SMA STPS X 50,9,0,0,1,1,0,,,TS HV 30-80 E - 720 kWh 450 kW,772480018,404061
61,2062,TS HV 30-80 E,TS HV 50 E,728.0,728.0,650.0,650.0,SMA STPS X 50,13,0,0,1,1,0,,,TS HV 30-80 E - 728 kWh 650 kW,772480018,473470
62,2063,TS HV 30-80 E,TS HV 50 E,784.0,784.0,700.0,700.0,SMA STPS X 50,14,0,0,1,1,0,,,TS HV 30-80 E - 784 kWh 700 kW,772480018,509790
63,2064,TS HV 30-80 E,TS HV 80 E,800.0,800.0,150.0,150.0,SMA STPS X 30,5,0,0,1,1,0,,,TS HV 30-80 E - 800 kWh 150 kW,772480018,386260
64,2065,TS HV 30-80 E,TS HV 80 E,800.0,800.0,250.0,250.0,SMA STPS X 50,5,0,0,1,1,0,,,TS HV 30-80 E - 800 kWh 250 kW,772480018,399360
65,2066,TS HV 30-80 E,TS HV 80 E,800.0,800.0,300.0,300.0,SMA STPS X 30,10,0,0,1,1,0,,,TS HV 30-80 E - 800 kWh 300 kW,772480018,422615
66,2067,TS HV 30-80 E,TS HV 80 E,800.0,800.0,500.0,500.0,SMA STPS X 50,10,0,0,1,1,0,,,TS HV 30-80 E - 800 kWh 500 kW,772480018,448815
67,3001,TS-I HV 80/100 E,TS-I HV 80 E,80.0,80.0,80.0,80.0, TV-PCS-85,1,1,1,1,1,0,,,TS-I HV 80/100 E - 80 kWh 80 kW,772480020,71056
68,3002,TS-I HV 80/100 E,TS-I HV 100 E,96.0,96.0,85.0,85.0, TV-PCS-85,1,1,1,1,1,0,,,TS-I HV 80/100 E - 96 kWh 85 kW,772480020,76802
69,3003,TS-I HV 80/100 E,TS-I HV 80 E,160.0,160.0,85.0,85.0, TV-PCS-85,1,1,1,1,1,0,,,TS-I HV 80/100 E - 160 kWh 85 kW,772480020,105068
70,3004,TS-I HV 80/100 E,TS-I HV 80 E,160.0,160.0,160.0,160.0, TV-PCS-170,1,1,1,1,1,0,,,TS-I HV 80/100 E - 160 kWh 160 kW,772480020,123138
71,3005,TS-I HV 80/100 E,TS-I HV 100 E,192.0,192.0,85.0,85.0, TV-PCS-85,1,1,1,1,1,0,,,TS-I HV 80/100 E - 192 kWh 85 kW,772480020,116560
72,3006,TS-I HV 80/100 E,TS-I HV 100 E,192.0,192.0,170.0,170.0, TV-PCS-170,1,1,1,1,1,0,,,TS-I HV 80/100 E - 192 kWh 170 kW,772480020,134630
73,3007,TS-I HV 80/100 E,TS-I HV 80 E,240.0,240.0,85.0,85.0, TV-PCS-85,1,1,1,1,1,0,,,TS-I HV 80/100 E - 240 kWh 85 kW,772480020,139269
74,3008,TS-I HV 80/100 E,TS-I HV 80 E,240.0,240.0,170.0,170.0, TV-PCS-170,1,1,1,1,1,0,,,TS-I HV 80/100 E - 240 kWh 170 kW,772480020,157339
75,3009,TS-I HV 80/100 E,TS-I HV 80 E,240.0,240.0,240.0,240.0, TV-PCS-255,1,1,1,1,1,0,,,TS-I HV 80/100 E - 240 kWh 240 kW,772480020,175419
76,3010,TS-I HV 80/100 E,TS-I HV 100 E,288.0,288.0,85.0,85.0, TV-PCS-85,1,1,1,1,1,0,,,TS-I HV 80/100 E - 288 kWh 85 kW,772480020,156507
77,3011,TS-I HV 80/100 E,TS-I HV 100 E,288.0,288.0,170.0,170.0, TV-PCS-170,1,1,1,1,1,0,,,TS-I HV 80/100 E - 288 kWh 170 kW,772480020,174577
78,3012,TS-I HV 80/100 E,TS-I HV 100 E,288.0,288.0,255.0,255.0, TV-PCS-255,1,1,1,1,1,0,,,TS-I HV 80/100 E - 288 kWh 255 kW,772480020,192657
79,3013,TS-I HV 80/100 E,TS-I HV 80 E,320.0,320.0,85.0,85.0, TV-PCS-85,1,1,1,1,1,0,,,TS-I HV 80/100 E - 320 kWh 85 kW,772480020,173470
80,3014,TS-I HV 80/100 E,TS-I HV 80 E,320.0,320.0,170.0,170.0, TV-PCS-170,1,1,1,1,1,0,,,TS-I HV 80/100 E - 320 kWh 170 kW,772480020,191540
81,3015,TS-I HV 80/100 E,TS-I HV 80 E,320.0,320.0,255.0,255.0, TV-PCS-255,1,1,1,1,1,0,,,TS-I HV 80/100 E - 320 kWh 255 kW,772480020,209620
82,3016,TS-I HV 80/100 E,TS-I HV 80 E,320.0,320.0,320.0,320.0, TV-PCS-340,1,1,1,1,1,0,,,TS-I HV 80/100 E - 320 kWh 320 kW,772480020,227703
83,3017,TS-I HV 80/100 E,TS-I HV 100 E,384.0,384.0,85.0,85.0, TV-PCS-85,1,1,1,1,1,0,,,TS-I HV 80/100 E - 384 kWh 85 kW,772480020,196454
84,3018,TS-I HV 80/100 E,TS-I HV 100 E,384.0,384.0,170.0,170.0, TV-PCS-170,1,1,1,1,1,0,,,TS-I HV 80/100 E - 384 kWh 170 kW,772480020,214524
85,3019,TS-I HV 80/100 E,TS-I HV 100 E,384.0,384.0,255.0,255.0, TV-PCS-255,1,1,1,1,1,0,,,TS-I HV 80/100 E - 384 kWh 255 kW,772480020,232604
86,3020,TS-I HV 80/100 E,TS-I HV 100 E,384.0,384.0,340.0,340.0, TV-PCS-340,1,1,1,1,1,0,,,TS-I HV 80/100 E - 384 kWh 340 kW,772480020,250687
87,3021,TS-I HV 80/100 E,TS-I HV 80 E,400.0,400.0,85.0,85.0, TV-PCS-85,1,1,1,1,1,0,,,TS-I HV 80/100 E - 400 kWh 85 kW,772480020,207682
88,3022,TS-I HV 80/100 E,TS-I HV 80 E,400.0,400.0,170.0,170.0, TV-PCS-170,1,1,1,1,1,0,,,TS-I HV 80/100 E - 400 kWh 170 kW,772480020,225752
89,3023,TS-I HV 80/100 E,TS-I HV 80 E,400.0,400.0,255.0,255.0, TV-PCS-255,1,1,1,1,1,0,,,TS-I HV 80/100 E - 400 kWh 255 kW,772480020,243832
90,3024,TS-I HV 80/100 E,TS-I HV 80 E,400.0,400.0,340.0,340.0, TV-PCS-340,1,1,1,1,1,0,,,TS-I HV 80/100 E - 400 kWh 340 kW,772480020,261915
91,3026,TS-I HV 80/100 E,TS-I HV 100 E,480.0,480.0,85.0,85.0, TV-PCS-85,1,1,1,1,1,0,,,TS-I HV 80/100 E - 480 kWh 85 kW,772480020,236412
92,3029,TS-I HV 80/100 E,TS-I HV 100 E,480.0,480.0,170.0,170.0, TV-PCS-170,1,1,1,1,1,0,,,TS-I HV 80/100 E - 480 kWh 170 kW,772480020,254482
93,3031,TS-I HV 80/100 E,TS-I HV 100 E,480.0,480.0,255.0,255.0, TV-PCS-255,1,1,1,1,1,0,,,TS-I HV 80/100 E - 480 kWh 255 kW,772480020,272562
94,3033,TS-I HV 80/100 E,TS-I HV 100 E,480.0,480.0,340.0,340.0, TV-PCS-340,1,1,1,1,1,0,,,TS-I HV 80/100 E - 480 kWh 340 kW,772480020,290645
95,3036,TS-I HV 80/100 E,TS-I HV 80 E,560.0,560.0,85.0,85.0, TV-PCS-85,1,1,1,1,1,0,,,TS-I HV 80/100 E - 560 kWh 85 kW,772480020,276084
96,3037,TS-I HV 80/100 E,TS-I HV 80 E,560.0,560.0,170.0,170.0, TV-PCS-170,1,1,1,1,1,0,,,TS-I HV 80/100 E - 560 kWh 170 kW,772480020,294154
97,3038,TS-I HV 80/100 E,TS-I HV 80 E,560.0,560.0,255.0,255.0, TV-PCS-255,1,1,1,1,1,0,,,TS-I HV 80/100 E - 560 kWh 255 kW,772480020,312234
98,3039,TS-I HV 80/100 E,TS-I HV 80 E,560.0,560.0,340.0,340.0, TV-PCS-340,1,1,1,1,1,0,,,TS-I HV 80/100 E - 560 kWh 340 kW,772480020,330317
99,3042,TS-I HV 80/100 E,TS-I HV 100 E,576.0,576.0,85.0,85.0, TV-PCS-85,1,1,1,1,1,0,,,TS-I HV 80/100 E - 576 kWh 85 kW,772480020,276359
100,3043,TS-I HV 80/100 E,TS-I HV 100 E,576.0,576.0,170.0,170.0, TV-PCS-170,1,1,1,1,1,0,,,TS-I HV 80/100 E - 576 kWh 170 kW,772480020,294429
101,3044,TS-I HV 80/100 E,TS-I HV 100 E,576.0,576.0,255.0,255.0, TV-PCS-255,1,1,1,1,1,0,,,TS-I HV 80/100 E - 576 kWh 255 kW,772480020,312509
102,3045,TS-I HV 80/100 E,TS-I HV 100 E,576.0,576.0,340.0,340.0, TV-PCS-340,1,1,1,1,1,0,,,TS-I HV 80/100 E - 576 kWh 340 kW,772480020,330592
103,3048,TS-I HV 80/100 E,TS-I HV 80 E,640.0,640.0,85.0,85.0, TV-PCS-85,1,1,1,1,1,0,,,TS-I HV 80/100 E - 640 kWh 85 kW,772480020,310285
104,3049,TS-I HV 80/100 E,TS-I HV 80 E,640.0,640.0,170.0,170.0, TV-PCS-170,1,1,1,1,1,0,,,TS-I HV 80/100 E - 640 kWh 170 kW,772480020,328355
105,3050,TS-I HV 80/100 E,TS-I HV 80 E,640.0,640.0,255.0,255.0, TV-PCS-255,1,1,1,1,1,0,,,TS-I HV 80/100 E - 640 kWh 255 kW,772480020,346435
106,3051,TS-I HV 80/100 E,TS-I HV 80 E,640.0,640.0,340.0,340.0, TV-PCS-340,1,1,1,1,1,0,,,TS-I HV 80/100 E - 640 kWh 340 kW,772480020,364518
107,3055,TS-I HV 80/100 E,TS-I HV 100 E,672.0,672.0,85.0,85.0, TV-PCS-85,1,1,1,1,1,0,,,TS-I HV 80/100 E - 672 kWh 85 kW,772480020,316306
108,3056,TS-I HV 80/100 E,TS-I HV 100 E,672.0,672.0,170.0,170.0, TV-PCS-170,1,1,1,1,1,0,,,TS-I HV 80/100 E - 672 kWh 170 kW,772480020,334376
109,3057,TS-I HV 80/100 E,TS-I HV 100 E,672.0,672.0,255.0,255.0, TV-PCS-255,1,1,1,1,1,0,,,TS-I HV 80/100 E - 672 kWh 255 kW,772480020,352456
110,3058,TS-I HV 80/100 E,TS-I HV 100 E,672.0,672.0,340.0,340.0, TV-PCS-340,1,1,1,1,1,0,,,TS-I HV 80/100 E - 672 kWh 340 kW,772480020,370539
111,3062,TS-I HV 80/100 E,TS-I HV 100 E,768.0,768.0,85.0,85.0, TV-PCS-85,1,1,1,1,1,0,,,TS-I HV 80/100 E - 768 kWh 85 kW,772480020,356253
112,3063,TS-I HV 80/100 E,TS-I HV 100 E,768.0,768.0,170.0,170.0, TV-PCS-170,1,1,1,1,1,0,,,TS-I HV 80/100 E - 768 kWh 170 kW,772480020,374323
113,3064,TS-I HV 80/100 E,TS-I HV 100 E,768.0,768.0,255.0,255.0, TV-PCS-255,1,1,1,1,1,0,,,TS-I HV 80/100 E - 768 kWh 255 kW,772480020,392403
114,3065,TS-I HV 80/100 E,TS-I HV 100 E,768.0,768.0,340.0,340.0, TV-PCS-340,1,1,1,1,1,0,,,TS-I HV 80/100 E - 768 kWh 340 kW,772480020,410486
115,4001,TPS-HV 80 E,TPS-HV 80 E - 10ft,80.0,80.0,50.0,50.0,SMA STPS X 50,1,0,0,1,1,0,,,TPS-HV 80 E - 80 kWh 50 kW,772480021,122726
116,4002,TPS-HV 80 E,TPS-HV 80 E - 10ft,160.0,160.0,50.0,50.0,SMA STPS X 50,1,0,0,1,1,0,,,TPS-HV 80 E - 160 kWh 50 kW,772480021,156144
117,4003,TPS-HV 80 E,TPS-HV 80 E - 10ft,160.0,160.0,100.0,100.0,SMA STPS X 50,2,0,0,1,1,0,,,TPS-HV 80 E - 160 kWh 100 kW,772480021,168252
118,4004,TPS-HV 80 E,TPS-HV 80 E - 10ft,240.0,240.0,50.0,50.0,SMA STPS X 50,1,0,0,1,1,0,,,TPS-HV 80 E - 240 kWh 50 kW,772480021,188313
119,4005,TPS-HV 80 E,TPS-HV 80 E - 10ft,240.0,240.0,150.0,150.0,SMA STPS X 50,3,0,0,1,1,0,,,TPS-HV 80 E - 240 kWh 150 kW,772480021,212771
120,4006,TPS-HV 80 E,TPS-HV 80 E - 10ft,320.0,320.0,50.0,50.0,SMA STPS X 50,1,0,0,1,1,0,,,TPS-HV 80 E - 320 kWh 50 kW,772480021,220224
121,4007,TPS-HV 80 E,TPS-HV 80 E - 10ft,320.0,320.0,100.0,100.0,SMA STPS X 50,2,0,0,1,1,0,,,TPS-HV 80 E - 320 kWh 100 kW,772480021,233152
122,4008,TPS-HV 80 E,TPS-HV 80 E - 10ft,320.0,320.0,200.0,200.0,SMA STPS X 50,4,0,0,1,1,0,,,TPS-HV 80 E - 320 kWh 200 kW,772480021,258201
123,4009,TPS-HV 80 E,TPS-HV 80 E - 10ft,400.0,400.0,250.0,250.0,SMA STPS X 50,5,0,0,1,1,0,,,TPS-HV 80 E - 400 kWh 250 kW,772480021,309867
124,4010,TPS-HV 80 E,TPS-HV 80 E - 10ft,480.0,480.0,100.0,100.0,SMA STPS X 50,2,0,0,1,1,0,,,TPS-HV 80 E - 480 kWh 100 kW,772480021,304308
125,4011,TPS-HV 80 E,TPS-HV 80 E - 10ft,480.0,480.0,150.0,150.0,SMA STPS X 50,3,0,0,1,1,0,,,TPS-HV 80 E - 480 kWh 150 kW,772480021,317843
126,4012,TPS-HV 80 E,TPS-HV 80 E - 10ft,480.0,480.0,300.0,300.0,SMA STPS X 50,6,0,0,1,1,0,,,TPS-HV 80 E - 480 kWh 300 kW,772480021,354438
127,4013,TPS-HV 80 E,TPS-HV 80 E - 10ft,560.0,560.0,350.0,350.0,SMA STPS X 50,7,0,0,1,1,0,,,TPS-HV 80 E - 560 kWh 350 kW,772480021,400054
128,4014,TPS-HV 80 E,TPS-HV 80 E - 10ft,640.0,640.0,100.0,100.0,SMA STPS X 50,2,0,0,1,1,0,,,TPS-HV 80 E - 640 kWh 100 kW,772480021,366304
129,4015,TPS-HV 80 E,TPS-HV 80 E - 10ft,640.0,640.0,200.0,200.0,SMA STPS X 50,4,0,0,1,1,0,,,TPS-HV 80 E - 640 kWh 200 kW,772480021,393374
130,4016,TPS-HV 80 E,TPS-HV 80 E - 10ft,640.0,640.0,400.0,400.0,SMA STPS X 50,8,0,0,1,1,0,,,TPS-HV 80 E - 640 kWh 400 kW,772480021,443472
131,5001,TS HV 50 E Hybrid,5 Modules - 40 kWh,40.0,40.0,25.0,25.0,GoodWe GW25K-ET,1,0,1,1,0,0,,,TS HV 50 E Hybrid - 40 kWh 25 kW,772480036,24177
132,5002,TS HV 50 E Hybrid,5 Modules - 40 kWh,40.0,40.0,29.9,29.9,GoodWe GW29.9K-ET,1,0,1,1,0,0,,,TS HV 50 E Hybrid - 40 kWh 29.9 kW,772480036,24559
133,5003,TS HV 50 E Hybrid,8 Modules - 64 kWh,64.0,64.0,25.0,25.0,GoodWe GW25K-ET,1,0,1,1,0,0,,,TS HV 50 E Hybrid - 64 kWh 25 kW,772480036,32487
134,5004,TS HV 50 E Hybrid,8 Modules - 64 kWh,64.0,64.0,29.9,29.9,GoodWe GW29.9K-ET,1,0,1,1,0,0,,,TS HV 50 E Hybrid - 64 kWh 29.9 kW,772480036,32869
135,5005,TS HV 50 E Hybrid,5 Modules - 40 kWh,80.0,80.0,25.0,25.0,GoodWe GW25K-ET,1,0,1,1,0,0,,,TS HV 50 E Hybrid - 80 kWh 25 kW,772480036,43739
136,5006,TS HV 50 E Hybrid,5 Modules - 40 kWh,80.0,80.0,29.9,29.9,GoodWe GW29.9K-ET,1,0,1,1,0,0,,,TS HV 50 E Hybrid - 80 kWh 29.9 kW,772480036,44121
137,5007,TS HV 50 E Hybrid,8 Modules - 64 kWh,128.0,128.0,25.0,25.0,GoodWe GW25K-ET,1,0,1,1,0,0,,,TS HV 50 E Hybrid - 128 kWh 25 kW,772480036,60359
138,5008,TS HV 50 E Hybrid,8 Modules - 64 kWh,128.0,128.0,29.9,29.9,GoodWe GW29.9K-ET,1,0,1,1,0,0,,,TS HV 50 E Hybrid - 128 kWh 29.9 kW,772480036,60741
139,5009,TS HV 50 E Hybrid,5 Modules - 40 kWh,80.0,80.0,59.8,59.8,GoodWe GW29.9K-ET,2,0,1,1,0,0,,,TS HV 50 E Hybrid - 80 kWh 59.8 kW,772480036,50028
140,5010,TS HV 50 E Hybrid,5 Modules - 40 kWh,120.0,120.0,89.7,89.7,GoodWe GW29.9K-ET,3,0,1,1,0,0,,,TS HV 50 E Hybrid - 120 kWh 89.7 kW,772480036,73244
141,5011,TS HV 50 E Hybrid,8 Modules - 64 kWh,128.0,128.0,59.8,59.8,GoodWe GW29.9K-ET,2,0,1,1,0,0,,,TS HV 50 E Hybrid - 128 kWh 59.8 kW,772480036,66648
142,5012,TS HV 50 E Hybrid,5 Modules - 40 kWh,160.0,160.0,59.8,59.8,GoodWe GW29.9K-ET,2,0,1,1,0,0,,,TS HV 50 E Hybrid - 160 kWh 59.8 kW,772480036,89540
143,5013,TS HV 50 E Hybrid,5 Modules - 40 kWh,160.0,160.0,119.6,119.6,GoodWe GW29.9K-ET,4,0,1,1,0,0,,,TS HV 50 E Hybrid - 160 kWh 119.6 kW,772480036,97452
144,5014,TS HV 50 E Hybrid,8 Modules - 64 kWh,192.0,192.0,89.7,89.7,GoodWe GW29.9K-ET,3,0,1,1,0,0,,,TS HV 50 E Hybrid - 192 kWh 89.7 kW,772480036,99662
145,5015,TS HV 50 E Hybrid,5 Modules - 40 kWh,240.0,240.0,89.7,89.7,GoodWe GW29.9K-ET,3,0,1,1,0,0,,,TS HV 50 E Hybrid - 240 kWh 89.7 kW,772480036,131930
146,5016,TS HV 50 E Hybrid,8 Modules - 64 kWh,256.0,256.0,59.8,59.8,GoodWe GW29.9K-ET,2,0,1,1,0,0,,,TS HV 50 E Hybrid - 256 kWh 59.8 kW,772480036,122780
147,5017,TS HV 50 E Hybrid,8 Modules - 64 kWh,256.0,256.0,119.6,119.6,GoodWe GW29.9K-ET,4,0,1,1,0,0,,,TS HV 50 E Hybrid - 256 kWh 119.6 kW,772480036,130692
148,5018,TS HV 50 E Hybrid,5 Modules - 40 kWh,320.0,320.0,119.6,119.6,GoodWe GW29.9K-ET,4,0,1,1,0,0,,,TS HV 50 E Hybrid - 320 kWh 119.6 kW,772480036,175700
149,5019,TS HV 50 E Hybrid,8 Modules - 64 kWh,384.0,384.0,89.7,89.7,GoodWe GW29.9K-ET,3,0,1,1,0,0,,,TS HV 50 E Hybrid - 384 kWh 89.7 kW,772480036,181790
150,5020,TS HV 50 E Hybrid,8 Modules - 64 kWh,512.0,512.0,119.6,119.6,GoodWe GW29.9K-ET,4,0,1,1,0,0,,,TS HV 50 E Hybrid - 512 kWh 119.6 kW,772480036,242180
151,6001,TESVOLT FORTON,TESVOLT FORTON,92.2,92.2,92.0,92.0,KACO blueplanet gridsave 92.0 TL3-S,1,0,0,1,1,1,,,TESVOLT FORTON - 92 kWh 92 kW,424050002,44396
152,6002,TESVOLT FORTON,TESVOLT FORTON,184.3,184.3,92.0,92.0,KACO blueplanet gridsave 92.0 TL3-S,1,0,0,1,1,1,,,TESVOLT FORTON - 184 kWh 92 kW,424050002,75173
153,6003,TESVOLT FORTON,TESVOLT FORTON,184.3,184.3,184.0,184.0,KACO blueplanet gridsave 92.0 TL3-S,2,0,0,1,1,1,,,TESVOLT FORTON - 184 kWh 184 kW,424050002,86563
154,6004,TESVOLT FORTON,TESVOLT FORTON,276.5,276.5,92.0,92.0,KACO blueplanet gridsave 92.0 TL3-S,1,0,0,1,1,1,,,TESVOLT FORTON - 276 kWh 92 kW,424050002,105950
155,6005,TESVOLT FORTON,TESVOLT FORTON,276.5,276.5,276.0,276.0,KACO blueplanet gridsave 92.0 TL3-S,3,0,0,1,1,1,,,TESVOLT FORTON - 276 kWh 276 kW,424050002,126810
156,6006,TESVOLT FORTON,TESVOLT FORTON,368.6,368.6,92.0,92.0,KACO blueplanet gridsave 92.0 TL3-S,1,0,0,1,1,1,,,TESVOLT FORTON - 369 kWh 92 kW,424050002,136727
157,6007,TESVOLT FORTON,TESVOLT FORTON,368.6,368.6,184.0,184.0,KACO blueplanet gridsave 92.0 TL3-S,2,0,0,1,1,1,,,TESVOLT FORTON - 369 kWh 184 kW,424050002,148117
158,6008,TESVOLT FORTON,TESVOLT FORTON,368.6,368.6,368.0,368.0,KACO blueplanet gridsave 92.0 TL3-S,4,0,0,1,1,1,,,TESVOLT FORTON - 369 kWh 368 kW,424050002,167057
159,6009,TESVOLT FORTON,TESVOLT FORTON,460.8,460.8,460.0,460.0,KACO blueplanet gridsave 92.0 TL3-S,5,0,0,1,1,1,,,TESVOLT FORTON - 461 kWh 460 kW,424050002,207304
160,6010,TESVOLT FORTON,TESVOLT FORTON,553.0,553.0,184.0,184.0,KACO blueplanet gridsave 92.0 TL3-S,2,0,0,1,1,1,,,TESVOLT FORTON - 553 kWh 184 kW,424050002,209671
161,6011,TESVOLT FORTON,TESVOLT FORTON,553.0,553.0,276.0,276.0,KACO blueplanet gridsave 92.0 TL3-S,3,0,0,1,1,1,,,TESVOLT FORTON - 553 kWh 276 kW,424050002,219141
162,6012,TESVOLT FORTON,TESVOLT FORTON,553.0,553.0,552.0,552.0,KACO blueplanet gridsave 92.0 TL3-S,6,0,0,1,1,1,,,TESVOLT FORTON - 553 kWh 552 kW,424050002,247551
163,6013,TESVOLT FORTON,TESVOLT FORTON,645.1,645.1,644.0,644.0,KACO blueplanet gridsave 92.0 TL3-S,7,0,0,1,1,1,,,TESVOLT FORTON - 645 kWh 644 kW,424050002,293358
164,6014,TESVOLT FORTON,TESVOLT FORTON,737.3,737.3,184.0,184.0,KACO blueplanet gridsave 92.0 TL3-S,2,0,0,1,1,1,,,TESVOLT FORTON - 737 kWh 184 kW,424050002,271225
165,6015,TESVOLT FORTON,TESVOLT FORTON,737.3,737.3,368.0,368.0,KACO blueplanet gridsave 92.0 TL3-S,4,0,0,1,1,1,,,TESVOLT FORTON - 737 kWh 368 kW,424050002,290165
166,6016,TESVOLT FORTON,TESVOLT FORTON,737.3,737.3,736.0,736.0,KACO blueplanet gridsave 92.0 TL3-S,8,0,0,1,1,1,,,TESVOLT FORTON - 737 kWh 736 kW,424050002,333605
167,6017,TESVOLT FORTON,TESVOLT FORTON,829.4,829.4,276.0,276.0,KACO blueplanet gridsave 92.0 TL3-S,3,0,0,1,1,1,,,TESVOLT FORTON - 829 kWh 276 kW,424050002,311472
168,6018,TESVOLT FORTON,TESVOLT FORTON,829.4,829.4,828.0,828.0,KACO blueplanet gridsave 92.0 TL3-S,9,0,0,1,1,1,,,TESVOLT FORTON - 829 kWh 828 kW,424050002,373852
169,6019,TESVOLT FORTON,TESVOLT FORTON,921.6,921.6,460.0,460.0,KACO blueplanet gridsave 92.0 TL3-S,5,0,0,1,1,1,,,TESVOLT FORTON - 922 kWh 460 kW,424050002,361189
170,6020,TESVOLT FORTON,TESVOLT FORTON,921.6,921.6,920.0,920.0,KACO blueplanet gridsave 92.0 TL3-S,10,0,0,1,1,1,,,TESVOLT FORTON - 922 kWh 920 kW,424050002,414099
171,6021,TESVOLT FORTON,TESVOLT FORTON,1013.8,1013.8,1012.0,1012.0,KACO blueplanet gridsave 92.0 TL3-S,11,0,0,1,1,1,,,TESVOLT FORTON - 1014 kWh 1012 kW,424050002,454346
172,6022,TESVOLT FORTON,TESVOLT FORTON,1105.9,1105.9,276.0,276.0,KACO blueplanet gridsave 92.0 TL3-S,3,0,0,1,1,1,,,TESVOLT FORTON - 1106 kWh 276 kW,424050002,403803
173,6023,TESVOLT FORTON,TESVOLT FORTON,1105.9,1105.9,368.0,368.0,KACO blueplanet gridsave 92.0 TL3-S,4,0,0,1,1,1,,,TESVOLT FORTON - 1106 kWh 368 kW,424050002,413273
174,6024,TESVOLT FORTON,TESVOLT FORTON,1105.9,1105.9,552.0,552.0,KACO blueplanet gridsave 92.0 TL3-S,6,0,0,1,1,1,,,TESVOLT FORTON - 1106 kWh 552 kW,424050002,432213
175,6025,TESVOLT FORTON,TESVOLT FORTON,1105.9,1105.9,1104.0,1104.0,KACO blueplanet gridsave 92.0 TL3-S,12,0,0,1,1,1,,,TESVOLT FORTON - 1106 kWh 1104 kW,424050002,494593
176,6026,TESVOLT FORTON,TESVOLT FORTON,1198.1,1198.1,1196.0,1196.0,KACO blueplanet gridsave 92.0 TL3-S,13,0,0,1,1,1,,,TESVOLT FORTON - 1198 kWh 1196 kW,424050002,534840
177,6027,TESVOLT FORTON,TESVOLT FORTON,1290.2,1290.2,644.0,644.0,KACO blueplanet gridsave 92.0 TL3-S,7,0,0,1,1,1,,,TESVOLT FORTON - 1290 kWh 644 kW,424050002,508797
178,6028,TESVOLT FORTON,TESVOLT FORTON,1290.2,1290.2,1286.0,1286.0,KACO blueplanet gridsave 92.0 TL3-S,14,0,0,1,1,1,,,TESVOLT FORTON - 1290 kWh 1286 kW,424050002,575087
179,6029,TESVOLT FORTON,TESVOLT FORTON,1382.4,1382.4,460.0,460.0,KACO blueplanet gridsave 92.0 TL3-S,5,0,0,1,1,1,,,TESVOLT FORTON - 1382 kWh 460 kW,424050002,515074
180,6030,TESVOLT FORTON,TESVOLT FORTON,1382.4,1382.4,1380.0,1380.0,KACO blueplanet gridsave 92.0 TL3-S,15,0,0,1,1,1,,,TESVOLT FORTON - 1382 kWh 1380 kW,424050002,615334
181,6031,TESVOLT FORTON,TESVOLT FORTON,1474.6,1474.6,368.0,368.0,KACO blueplanet gridsave 92.0 TL3-S,4,0,0,1,1,1,,,TESVOLT FORTON - 1475 kWh 368 kW,424050002,536381
182,6032,TESVOLT FORTON,TESVOLT FORTON,1474.6,1474.6,736.0,736.0,KACO blueplanet gridsave 92.0 TL3-S,8,0,0,1,1,1,,,TESVOLT FORTON - 1475 kWh 736 kW,424050002,579821
183,6033,TESVOLT FORTON,TESVOLT FORTON,1474.6,1474.6,1472.0,1472.0,KACO blueplanet gridsave 92.0 TL3-S,16,0,0,1,1,1,,,TESVOLT FORTON - 1475 kWh 1472 kW,424050002,655581
184,7001,TESVOLT TAYTAN,TESVOLT TAYTAN,31.25,31.25,30.0,30.0,SMA SI X 30,1,0,0,1,1,1,,,TESVOLT TAYTAN - 31 kWh 30 kW,424050006,23329
185,7002,TESVOLT TAYTAN,TESVOLT TAYTAN,37.5,37.5,30.0,30.0,SMA SI X 30,1,0,0,1,1,1,,,TESVOLT TAYTAN - 38 kWh 30 kW,424050006,25422
186,7003,TESVOLT TAYTAN,TESVOLT TAYTAN,43.75,43.75,30.0,30.0,SMA SI X 30,1,0,0,1,1,1,,,TESVOLT TAYTAN - 44 kWh 30 kW,424050006,27515
187,7004,TESVOLT TAYTAN,TESVOLT TAYTAN,50.0,50.0,30.0,30.0,SMA SI X 30,1,0,0,1,1,1,,,TESVOLT TAYTAN - 50 kWh 30 kW,424050006,29608
188,7005,TESVOLT TAYTAN,TESVOLT TAYTAN,56.25,56.25,30.0,30.0,SMA SI X 30,1,0,0,1,1,1,,,TESVOLT TAYTAN - 56 kWh 30 kW,424050006,31701
189,7006,TESVOLT TAYTAN,TESVOLT TAYTAN,56.25,56.25,50.0,50.0,SMA SI X 50,1,0,0,1,1,1,,,TESVOLT TAYTAN - 56 kWh 50 kW,424050006,33197
190,7007,TESVOLT TAYTAN,TESVOLT TAYTAN,62.5,62.5,30.0,30.0,SMA SI X 30,1,0,0,1,1,1,,,TESVOLT TAYTAN - 63 kWh 30 kW,424050006,33794
191,7008,TESVOLT TAYTAN,TESVOLT TAYTAN,62.5,62.5,50.0,50.0,SMA SI X 50,1,0,0,1,1,1,,,TESVOLT TAYTAN - 63 kWh 50 kW,424050006,35290
192,7009,TESVOLT TAYTAN,TESVOLT TAYTAN,62.5,62.5,60.0,60.0,SMA SI X 30,2,0,0,1,1,1,,,TESVOLT TAYTAN - 63 kWh 60 kW,424050006,46658
193,7010,TESVOLT TAYTAN,TESVOLT TAYTAN,75.0,75.0,30.0,30.0,SMA SI X 30,1,0,0,1,1,1,,,TESVOLT TAYTAN - 75 kWh 30 kW,424050006,40684
194,7011,TESVOLT TAYTAN,TESVOLT TAYTAN,75.0,75.0,60.0,60.0,SMA SI X 30,2,0,0,1,1,1,,,TESVOLT TAYTAN - 75 kWh 60 kW,424050006,50844
195,7012,TESVOLT TAYTAN,TESVOLT TAYTAN,87.5,87.5,30.0,30.0,SMA SI X 30,1,0,0,1,1,1,,,TESVOLT TAYTAN - 88 kWh 30 kW,424050006,44870
196,7013,TESVOLT TAYTAN,TESVOLT TAYTAN,87.5,87.5,60.0,60.0,SMA SI X 30,2,0,0,1,1,1,,,TESVOLT TAYTAN - 88 kWh 60 kW,424050006,55030
197,7014,TESVOLT TAYTAN,TESVOLT TAYTAN,93.75,93.75,30.0,30.0,SMA SI X 30,1,0,0,1,1,1,,,TESVOLT TAYTAN - 94 kWh 30 kW,424050006,49667
198,7015,TESVOLT TAYTAN,TESVOLT TAYTAN,93.75,93.75,90.0,90.0,SMA SI X 30,3,0,0,1,1,1,,,TESVOLT TAYTAN - 94 kWh 90 kW,424050006,69987
199,7016,TESVOLT TAYTAN,TESVOLT TAYTAN,100.0,100.0,30.0,30.0,SMA SI X 30,1,0,0,1,1,1,,,TESVOLT TAYTAN - 100 kWh 30 kW,424050006,49056
200,7017,TESVOLT TAYTAN,TESVOLT TAYTAN,100.0,100.0,60.0,60.0,SMA SI X 30,2,0,0,1,1,1,,,TESVOLT TAYTAN - 100 kWh 60 kW,424050006,59216
201,7018,TESVOLT TAYTAN,TESVOLT TAYTAN,112.5,112.5,30.0,30.0,SMA SI X 30,1,0,0,1,1,1,,,TESVOLT TAYTAN - 113 kWh 30 kW,424050006,53242
202,7019,TESVOLT TAYTAN,TESVOLT TAYTAN,112.5,112.5,50.0,50.0,SMA SI X 50,1,0,0,1,1,1,,,TESVOLT TAYTAN - 113 kWh 50 kW,424050006,54738
203,7020,TESVOLT TAYTAN,TESVOLT TAYTAN,112.5,112.5,60.0,60.0,SMA SI X 30,2,0,0,1,1,1,,,TESVOLT TAYTAN - 113 kWh 60 kW,424050006,63402
204,7021,TESVOLT TAYTAN,TESVOLT TAYTAN,112.5,112.5,90.0,90.0,SMA SI X 30,3,0,0,1,1,1,,,TESVOLT TAYTAN - 113 kWh 90 kW,424050006,76266
205,7022,TESVOLT TAYTAN,TESVOLT TAYTAN,112.5,112.5,100.0,100.0,SMA SI X 50,2,0,0,1,1,1,,,TESVOLT TAYTAN - 113 kWh 100 kW,424050006,66394
206,7023,TESVOLT TAYTAN,TESVOLT TAYTAN,125.0,125.0,30.0,30.0,SMA SI X 30,1,0,0,1,1,1,,,TESVOLT TAYTAN - 125 kWh 30 kW,424050006,57428
207,7024,TESVOLT TAYTAN,TESVOLT TAYTAN,125.0,125.0,50.0,50.0,SMA SI X 50,1,0,0,1,1,1,,,TESVOLT TAYTAN - 125 kWh 50 kW,424050006,58924
208,7025,TESVOLT TAYTAN,TESVOLT TAYTAN,125.0,125.0,60.0,60.0,SMA SI X 30,2,0,0,1,1,1,,,TESVOLT TAYTAN - 125 kWh 60 kW,424050006,67588
209,7026,TESVOLT TAYTAN,TESVOLT TAYTAN,125.0,125.0,100.0,100.0,SMA SI X 50,2,0,0,1,1,1,,,TESVOLT TAYTAN - 125 kWh 100 kW,424050006,70580
210,7027,TESVOLT TAYTAN,TESVOLT TAYTAN,131.25,131.25,30.0,30.0,SMA SI X 30,1,0,0,1,1,1,,,TESVOLT TAYTAN - 131 kWh 30 kW,424050006,62225
211,7028,TESVOLT TAYTAN,TESVOLT TAYTAN,131.25,131.25,90.0,90.0,SMA SI X 30,3,0,0,1,1,1,,,TESVOLT TAYTAN - 131 kWh 90 kW,424050006,82545
212,7029,TESVOLT TAYTAN,TESVOLT TAYTAN,150.0,150.0,30.0,30.0,SMA SI X 30,1,0,0,1,1,1,,,TESVOLT TAYTAN - 150 kWh 30 kW,424050006,68504
213,7030,TESVOLT TAYTAN,TESVOLT TAYTAN,150.0,150.0,60.0,60.0,SMA SI X 30,2,0,0,1,1,1,,,TESVOLT TAYTAN - 150 kWh 60 kW,424050006,81368
214,7031,TESVOLT TAYTAN,TESVOLT TAYTAN,150.0,150.0,90.0,90.0,SMA SI X 30,3,0,0,1,1,1,,,TESVOLT TAYTAN - 150 kWh 90 kW,424050006,88824
215,7032,TESVOLT TAYTAN,TESVOLT TAYTAN,168.75,168.75,30.0,30.0,SMA SI X 30,1,0,0,1,1,1,,,TESVOLT TAYTAN - 169 kWh 30 kW,424050006,74783
216,7033,TESVOLT TAYTAN,TESVOLT TAYTAN,168.75,168.75,50.0,50.0,SMA SI X 50,1,0,0,1,1,1,,,TESVOLT TAYTAN - 169 kWh 50 kW,424050006,76279
217,7034,TESVOLT TAYTAN,TESVOLT TAYTAN,168.75,168.75,90.0,90.0,SMA SI X 30,3,0,0,1,1,1,,,TESVOLT TAYTAN - 169 kWh 90 kW,424050006,95103
218,7035,TESVOLT TAYTAN,TESVOLT TAYTAN,168.75,168.75,150.0,150.0,SMA SI X 50,3,0,0,1,1,1,,,TESVOLT TAYTAN - 169 kWh 150 kW,424050006,99591
219,7036,TESVOLT TAYTAN,TESVOLT TAYTAN,175.0,175.0,30.0,30.0,SMA SI X 30,1,0,0,1,1,1,,,TESVOLT TAYTAN - 175 kWh 30 kW,424050006,79580
220,7037,TESVOLT TAYTAN,TESVOLT TAYTAN,175.0,175.0,60.0,60.0,SMA SI X 30,2,0,0,1,1,1,,,TESVOLT TAYTAN - 175 kWh 60 kW,424050006,89740
221,7038,TESVOLT TAYTAN,TESVOLT TAYTAN,187.5,187.5,30.0,30.0,SMA SI X 30,1,0,0,1,1,1,,,TESVOLT TAYTAN - 188 kWh 30 kW,424050006,81062
222,7039,TESVOLT TAYTAN,TESVOLT TAYTAN,187.5,187.5,50.0,50.0,SMA SI X 50,1,0,0,1,1,1,,,TESVOLT TAYTAN - 188 kWh 50 kW,424050006,82558
223,7040,TESVOLT TAYTAN,TESVOLT TAYTAN,187.5,187.5,60.0,60.0,SMA SI X 30,2,0,0,1,1,1,,,TESVOLT TAYTAN - 188 kWh 60 kW,424050006,99334
224,7041,TESVOLT TAYTAN,TESVOLT TAYTAN,187.5,187.5,90.0,90.0,SMA SI X 30,3,0,0,1,1,1,,,TESVOLT TAYTAN - 188 kWh 90 kW,424050006,101382
225,7042,TESVOLT TAYTAN,TESVOLT TAYTAN,187.5,187.5,150.0,150.0,SMA SI X 50,3,0,0,1,1,1,,,TESVOLT TAYTAN - 188 kWh 150 kW,424050006,105870
226,7043,TESVOLT TAYTAN,TESVOLT TAYTAN,200.0,200.0,30.0,30.0,SMA SI X 30,1,0,0,1,1,1,,,TESVOLT TAYTAN - 200 kWh 30 kW,424050006,87952
227,7044,TESVOLT TAYTAN,TESVOLT TAYTAN,200.0,200.0,60.0,60.0,SMA SI X 30,2,0,0,1,1,1,,,TESVOLT TAYTAN - 200 kWh 60 kW,424050006,98112
228,7045,TESVOLT TAYTAN,TESVOLT TAYTAN,225.0,225.0,30.0,30.0,SMA SI X 30,1,0,0,1,1,1,,,TESVOLT TAYTAN - 225 kWh 30 kW,424050006,96324
229,7046,TESVOLT TAYTAN,TESVOLT TAYTAN,225.0,225.0,50.0,50.0,SMA SI X 50,1,0,0,1,1,1,,,TESVOLT TAYTAN - 225 kWh 50 kW,424050006,97820
230,7047,TESVOLT TAYTAN,TESVOLT TAYTAN,225.0,225.0,60.0,60.0,SMA SI X 30,2,0,0,1,1,1,,,TESVOLT TAYTAN - 225 kWh 60 kW,424050006,106484
231,7048,TESVOLT TAYTAN,TESVOLT TAYTAN,225.0,225.0,90.0,90.0,SMA SI X 30,3,0,0,1,1,1,,,TESVOLT TAYTAN - 225 kWh 90 kW,424050006,122052
232,7049,TESVOLT TAYTAN,TESVOLT TAYTAN,225.0,225.0,100.0,100.0,SMA SI X 50,2,0,0,1,1,1,,,TESVOLT TAYTAN - 225 kWh 100 kW,424050006,109476
233,7050,TESVOLT TAYTAN,TESVOLT TAYTAN,225.0,225.0,200.0,200.0,SMA SI X 50,4,0,0,1,1,1,,,TESVOLT TAYTAN - 225 kWh 200 kW,424050006,132788
234,7051,TESVOLT TAYTAN,TESVOLT TAYTAN,250.0,250.0,30.0,30.0,SMA SI X 30,1,0,0,1,1,1,,,TESVOLT TAYTAN - 250 kWh 30 kW,424050006,104696
235,7052,TESVOLT TAYTAN,TESVOLT TAYTAN,250.0,250.0,50.0,50.0,SMA SI X 50,1,0,0,1,1,1,,,TESVOLT TAYTAN - 250 kWh 50 kW,424050006,106192
236,7053,TESVOLT TAYTAN,TESVOLT TAYTAN,250.0,250.0,60.0,60.0,SMA SI X 30,2,0,0,1,1,1,,,TESVOLT TAYTAN - 250 kWh 60 kW,424050006,114856
237,7054,TESVOLT TAYTAN,TESVOLT TAYTAN,250.0,250.0,100.0,100.0,SMA SI X 50,2,0,0,1,1,1,,,TESVOLT TAYTAN - 250 kWh 100 kW,424050006,117848
238,7055,TESVOLT TAYTAN,TESVOLT TAYTAN,250.0,250.0,200.0,200.0,SMA SI X 50,4,0,0,1,1,1,,,TESVOLT TAYTAN - 250 kWh 200 kW,424050006,141160
239,7056,TESVOLT TAYTAN,TESVOLT TAYTAN,262.5,262.5,60.0,60.0,SMA SI X 30,2,0,0,1,1,1,,,TESVOLT TAYTAN - 263 kWh 60 kW,424050006,124450
240,7057,TESVOLT TAYTAN,TESVOLT TAYTAN,262.5,262.5,90.0,90.0,SMA SI X 30,3,0,0,1,1,1,,,TESVOLT TAYTAN - 263 kWh 90 kW,424050006,134610
241,7058,TESVOLT TAYTAN,TESVOLT TAYTAN,281.25,281.25,90.0,90.0,SMA SI X 30,3,0,0,1,1,1,,,TESVOLT TAYTAN - 281 kWh 90 kW,424050006,149001
242,7059,TESVOLT TAYTAN,TESVOLT TAYTAN,281.25,281.25,250.0,250.0,SMA SI X 50,5,0,0,1,1,1,,,TESVOLT TAYTAN - 281 kWh 250 kW,424050006,165985
243,7060,TESVOLT TAYTAN,TESVOLT TAYTAN,300.0,300.0,60.0,60.0,SMA SI X 30,2,0,0,1,1,1,,,TESVOLT TAYTAN - 300 kWh 60 kW,424050006,137008
244,7061,TESVOLT TAYTAN,TESVOLT TAYTAN,300.0,300.0,90.0,90.0,SMA SI X 30,3,0,0,1,1,1,,,TESVOLT TAYTAN - 300 kWh 90 kW,424050006,147168
245,7062,TESVOLT TAYTAN,TESVOLT TAYTAN,312.5,312.5,250.0,250.0,SMA SI X 50,5,0,0,1,1,1,,,TESVOLT TAYTAN - 313 kWh 250 kW,424050006,176450
246,7063,TESVOLT TAYTAN,TESVOLT TAYTAN,337.5,337.5,60.0,60.0,SMA SI X 30,2,0,0,1,1,1,,,TESVOLT TAYTAN - 338 kWh 60 kW,424050006,149566
247,7064,TESVOLT TAYTAN,TESVOLT TAYTAN,337.5,337.5,90.0,90.0,SMA SI X 30,3,0,0,1,1,1,,,TESVOLT TAYTAN - 338 kWh 90 kW,424050006,159726
248,7065,TESVOLT TAYTAN,TESVOLT TAYTAN,337.5,337.5,100.0,100.0,SMA SI X 50,2,0,0,1,1,1,,,TESVOLT TAYTAN - 338 kWh 100 kW,424050006,152558
249,7066,TESVOLT TAYTAN,TESVOLT TAYTAN,337.5,337.5,150.0,150.0,SMA SI X 50,3,0,0,1,1,1,,,TESVOLT TAYTAN - 338 kWh 150 kW,424050006,164214
250,7067,TESVOLT TAYTAN,TESVOLT TAYTAN,350.0,350.0,60.0,60.0,SMA SI X 30,2,0,0,1,1,1,,,TESVOLT TAYTAN - 350 kWh 60 kW,424050006,159160
251,7068,TESVOLT TAYTAN,TESVOLT TAYTAN,375.0,375.0,60.0,60.0,SMA SI X 30,2,0,0,1,1,1,,,TESVOLT TAYTAN - 375 kWh 60 kW,424050006,162124
252,7069,TESVOLT TAYTAN,TESVOLT TAYTAN,375.0,375.0,90.0,90.0,SMA SI X 30,3,0,0,1,1,1,,,TESVOLT TAYTAN - 375 kWh 90 kW,424050006,172284
253,7070,TESVOLT TAYTAN,TESVOLT TAYTAN,375.0,375.0,100.0,100.0,SMA SI X 50,2,0,0,1,1,1,,,TESVOLT TAYTAN - 375 kWh 100 kW,424050006,165116
254,7071,TESVOLT TAYTAN,TESVOLT TAYTAN,375.0,375.0,150.0,150.0,SMA SI X 50,3,0,0,1,1,1,,,TESVOLT TAYTAN - 375 kWh 150 kW,424050006,176772
255,7072,TESVOLT TAYTAN,TESVOLT TAYTAN,393.75,393.75,90.0,90.0,SMA SI X 30,3,0,0,1,1,1,,,TESVOLT TAYTAN - 394 kWh 90 kW,424050006,186675
256,7073,TESVOLT TAYTAN,TESVOLT TAYTAN,400.0,400.0,60.0,60.0,SMA SI X 30,2,0,0,1,1,1,,,TESVOLT TAYTAN - 400 kWh 60 kW,424050006,175904
257,7074,TESVOLT TAYTAN,TESVOLT TAYTAN,450.0,450.0,60.0,60.0,SMA SI X 30,2,0,0,1,1,1,,,TESVOLT TAYTAN - 450 kWh 60 kW,424050006,192648
258,7075,TESVOLT TAYTAN,TESVOLT TAYTAN,450.0,450.0,90.0,90.0,SMA SI X 30,3,0,0,1,1,1,,,TESVOLT TAYTAN - 450 kWh 90 kW,424050006,205512
259,7076,TESVOLT TAYTAN,TESVOLT TAYTAN,450.0,450.0,100.0,100.0,SMA SI X 50,2,0,0,1,1,1,,,TESVOLT TAYTAN - 450 kWh 100 kW,424050006,195640
260,7077,TESVOLT TAYTAN,TESVOLT TAYTAN,450.0,450.0,200.0,200.0,SMA SI X 50,4,0,0,1,1,1,,,TESVOLT TAYTAN - 450 kWh 200 kW,424050006,218952
261,7078,TESVOLT TAYTAN,TESVOLT TAYTAN,500.0,500.0,60.0,60.0,SMA SI X 30,2,0,0,1,1,1,,,TESVOLT TAYTAN - 500 kWh 60 kW,424050006,209392
262,7079,TESVOLT TAYTAN,TESVOLT TAYTAN,500.0,500.0,100.0,100.0,SMA SI X 50,2,0,0,1,1,1,,,TESVOLT TAYTAN - 500 kWh 100 kW,424050006,212384
263,7080,TESVOLT TAYTAN,TESVOLT TAYTAN,500.0,500.0,200.0,200.0,SMA SI X 50,4,0,0,1,1,1,,,TESVOLT TAYTAN - 500 kWh 200 kW,424050006,235696
264,7081,TESVOLT TAYTAN,TESVOLT TAYTAN,506.25,506.25,90.0,90.0,SMA SI X 30,3,0,0,1,1,1,,,TESVOLT TAYTAN - 506 kWh 90 kW,424050006,224349
265,7082,TESVOLT TAYTAN,TESVOLT TAYTAN,506.25,506.25,150.0,150.0,SMA SI X 50,3,0,0,1,1,1,,,TESVOLT TAYTAN - 506 kWh 150 kW,424050006,228837
266,7083,TESVOLT TAYTAN,TESVOLT TAYTAN,525.0,525.0,90.0,90.0,SMA SI X 30,3,0,0,1,1,1,,,TESVOLT TAYTAN - 525 kWh 90 kW,424050006,238740
267,7084,TESVOLT TAYTAN,TESVOLT TAYTAN,562.5,562.5,90.0,90.0,SMA SI X 30,3,0,0,1,1,1,,,TESVOLT TAYTAN - 563 kWh 90 kW,424050006,243186
268,7085,TESVOLT TAYTAN,TESVOLT TAYTAN,562.5,562.5,150.0,150.0,SMA SI X 50,3,0,0,1,1,1,,,TESVOLT TAYTAN - 563 kWh 150 kW,424050006,247674
269,7086,TESVOLT TAYTAN,TESVOLT TAYTAN,562.5,562.5,250.0,250.0,SMA SI X 50,5,0,0,1,1,1,,,TESVOLT TAYTAN - 563 kWh 250 kW,424050006,273690
270,7087,TESVOLT TAYTAN,TESVOLT TAYTAN,600.0,600.0,90.0,90.0,SMA SI X 30,3,0,0,1,1,1,,,TESVOLT TAYTAN - 600 kWh 90 kW,424050006,263856
271,7088,TESVOLT TAYTAN,TESVOLT TAYTAN,625.0,625.0,250.0,250.0,SMA SI X 50,5,0,0,1,1,1,,,TESVOLT TAYTAN - 625 kWh 250 kW,424050006,294620
272,7089,TESVOLT TAYTAN,TESVOLT TAYTAN,675.0,675.0,90.0,90.0,SMA SI X 30,3,0,0,1,1,1,,,TESVOLT TAYTAN - 675 kWh 90 kW,424050006,288972
273,7090,TESVOLT TAYTAN,TESVOLT TAYTAN,675.0,675.0,150.0,150.0,SMA SI X 50,3,0,0,1,1,1,,,TESVOLT TAYTAN - 675 kWh 150 kW,424050006,293460
274,7091,TESVOLT TAYTAN,TESVOLT TAYTAN,675.0,675.0,200.0,200.0,SMA SI X 50,4,0,0,1,1,1,,,TESVOLT TAYTAN - 675 kWh 200 kW,424050006,305116
275,7092,TESVOLT TAYTAN,TESVOLT TAYTAN,750.0,750.0,90.0,90.0,SMA SI X 30,3,0,0,1,1,1,,,TESVOLT TAYTAN - 750 kWh 90 kW,424050006,314088
276,7093,TESVOLT TAYTAN,TESVOLT TAYTAN,750.0,750.0,150.0,150.0,SMA SI X 50,3,0,0,1,1,1,,,TESVOLT TAYTAN - 750 kWh 150 kW,424050006,318576
277,7094,TESVOLT TAYTAN,TESVOLT TAYTAN,750.0,750.0,200.0,200.0,SMA SI X 50,4,0,0,1,1,1,,,TESVOLT TAYTAN - 750 kWh 200 kW,424050006,330232
278,7095,TESVOLT TAYTAN,TESVOLT TAYTAN,843.75,843.75,250.0,250.0,SMA SI X 50,5,0,0,1,1,1,,,TESVOLT TAYTAN - 844 kWh 250 kW,424050006,381395
279,7096,TESVOLT TAYTAN,TESVOLT TAYTAN,900.0,900.0,200.0,200.0,SMA SI X 50,4,0,0,1,1,1,,,TESVOLT TAYTAN - 900 kWh 200 kW,424050006,391280
280,7097,TESVOLT TAYTAN,TESVOLT TAYTAN,937.5,937.5,250.0,250.0,SMA SI X 50,5,0,0,1,1,1,,,TESVOLT TAYTAN - 938 kWh 250 kW,424050006,412790
281,7098,TESVOLT TAYTAN,TESVOLT TAYTAN,1000.0,1000.0,200.0,200.0,SMA SI X 50,4,0,0,1,1,1,,,TESVOLT TAYTAN - 1000 kWh 200 kW,424050006,424768
282,7099,TESVOLT TAYTAN,TESVOLT TAYTAN,1125.0,1125.0,250.0,250.0,SMA SI X 50,5,0,0,1,1,1,,,TESVOLT TAYTAN - 1125 kWh 250 kW,424050006,489100
283,7100,TESVOLT TAYTAN,TESVOLT TAYTAN,1250.0,1250.0,250.0,250.0,SMA SI X 50,5,0,0,1,1,1,,,TESVOLT TAYTAN - 1250 kWh 250 kW,424050006,530960
